subject,first_email_date,email_count
-◊ë◊ô◊ú◊ì◊¢◊® - ◊†◊ô◊ô◊¢◊° -  ◊®◊ô◊ß◊ê◊®◊ì◊ô◊†◊í -◊ô◊ï◊ù ◊©◊õ◊ï◊ú◊ï ◊†◊ó◊™,2025-06-01,2
TDG Digest | May in Review,2025-06-01,8
125 Chrystie St: New Drawings,2025-06-02,16
A comment was added to your document,2025-06-02,4
"Aron (Heshy), add Yona Love - Shine - President of Yona Love Construction Consulting Services",2025-06-02,2
Attached Is Your Electronic Statement,2025-06-02,2
Fiducial Expertise June Update üå∑,2025-06-02,2
Fw: Aron Hirsch - Book Project,2025-06-02,2
I want to connect,2025-06-02,40
Master Roofing and Siding needs this really really badly,2025-06-02,2
Monday - tasks assigned: 2 - masterroofingus.com,2025-06-02,2
"Next Day Positive Pay NY: 12 Exceptions totaling $400,303.37",2025-06-02,2
Product Spotlight | Hanover¬Æ Cobble,2025-06-02,2
RE: 1655 1st Ave - Building -A & B,2025-06-02,4
RE: 540 Degraw Street Brookyln,2025-06-02,2
Re: 1070 Flatbush avenue (K469),2025-06-02,20
Re: Recruiting intro - Master Roofing/Burdett Hill,2025-06-02,4
Recent updates to your documents,2025-06-02,2
Runnemede Multi-Family Conversion Photos & Video - Runnem...,2025-06-02,4
"Signature requested on ""JM Peak Advantage Agreement for MASTER ROOFING""",2025-06-02,2
Wythe Hotel,2025-06-02,2
You have 10+ new invitations,2025-06-02,46
[Corrections Needed] Holt Construction‚Äôs qualification application,2025-06-02,16
A special offer for reliable business internet,2025-06-03,2
Bid Invite: Paramount Hudson Valley Theater & Art Center ...,2025-06-03,8
"Master Roofing & Siding, Inc. - Laveena Athuru (SELECTED CAP '25)",2025-06-03,2
"Master Roofing & Siding, Inc. - Sangram Ashok Pawar (SELECTED CAP '25)",2025-06-03,2
"Master Roofing & Siding, Inc./ Bharat Shahaji Shinde (SELECTED CAP '25)",2025-06-03,2
Nature‚Äôs loudest introvert is back,2025-06-03,2
"Next Day Positive Pay NY: 10 Exceptions totaling $23,341.26",2025-06-03,2
RE: (Master) 81 beaver - Brooklyn NY,2025-06-03,2
Re: Wythe Hotel,2025-06-03,36
"Reminder: Upcoming Price Adjustment ‚Äì Polyiso Insulation Products Effective July 1, 2025",2025-06-03,2
Tuesday - tasks assigned: 1 - masterroofingus.com,2025-06-03,4
üî• Summer Sales Tip: Give Away a Product They‚Äôll Remember You For!,2025-06-03,2
,2025-06-04,12
"$0.15 off per gallon, 10% off in-store",2025-06-04,4
133 kent ave,2025-06-04,2
170 W.225- Master Roofing- CO# 1206- NTP,2025-06-04,2
24-09 Jackson,2025-06-04,2
"24-11 Jackson ave & 23-14 45th Ave, Queens, NY 11101.",2025-06-04,2
556 Baltic St / Pavers,2025-06-04,2
57 South 6th St,2025-06-04,2
799 Greene Avenue - Quote request,2025-06-04,2
801 Bartholdi,2025-06-04,2
89-61 162nd Street,2025-06-04,2
"Aron (Heshy), add Chris Tetto - Territory Manager üí¨",2025-06-04,2
"Aron (Heshy), is Master Roofing & Siding Inc hiring?",2025-06-04,4
"Aron, getting exclusive shopping & shipping benefits is easy with a free business account",2025-06-04,4
Bluebeam Revu 21 Installation Issue ‚Äì PC08,2025-06-04,2
Court Square - Master Roofing - Proposal,2025-06-04,2
Distribution Period: 3/01/2025 - 3/31/2025 Payment Initiated for  New Hampshire Commons.,2025-06-04,2
Don't have FOMO this football season!,2025-06-04,2
FW: 817 Classon - Roofing,2025-06-04,2
"Faye Hirsch, Alison and Craig Cohen got your RSVP",2025-06-04,2
"Faye Hirsch, RSVP to Cohen Family Birthday Bash ‚úâÔ∏è",2025-06-04,2
Fwd:,2025-06-04,8
Fwd: 133 Kent Ave,2025-06-04,4
Fwd: 170 W.225- Master Roofing- CO# 1206- NTP,2025-06-04,2
Fwd: 2-72 Seagirt Blvd. - Stucco,2025-06-04,4
Fwd: 430 Market St. Newark N.J. - Metal Panels,2025-06-04,2
Fwd: 52 4th Avenue - Roofing Proposal,2025-06-04,2
Fwd: 57 South 6th St,2025-06-04,2
Fwd: 799 Greene Avenue - Quote request,2025-06-04,2
Fwd: 89-61 162nd Street - Roofing Shop Drawings,2025-06-04,2
Fwd: Kent,2025-06-04,2
Fwd: Payment Receipt #CPY046101542 from NYC CityPay,2025-06-04,2
"Fwd: Signature requested on ""JM Peak Advantage Agreement for MASTER ROOFING""",2025-06-04,2
"Insulation, exteriors, admin: 3 solutions to streamline builds",2025-06-04,6
Introducing V-Force FR: Faster Installs. Fire-Rated Performance.,2025-06-04,2
Introduction to Morgan Stanley - The Strachan Group,2025-06-04,2
JM Pricing,2025-06-04,2
Jackson,2025-06-04,2
Kent,2025-06-04,2
Master Roofing / Case ID X190394016,2025-06-04,2
Master Roofing Funding,2025-06-04,2
Master Roofing and Siding - 2025 Exit Strategies,2025-06-04,2
"Next Day Positive Pay NY: 11 Exceptions totaling $172,848.56",2025-06-04,2
One-of-a-kind protection for all seasons,2025-06-04,2
Post Shavuos Edition,2025-06-04,2
RE: 185 Chrystie Neighbor Roof,2025-06-04,12
RE: 19 Rockwell - Bulkhead,2025-06-04,2
RE: 2-72 Seagirt Blvd. - Roofing,2025-06-04,2
RE: 2-72 Seagirt Blvd. - Stucco,2025-06-04,2
RE: 24-09 Jackson,2025-06-04,6
RE: 34-20 Junction- Master Roofing submittals and shop drawings,2025-06-04,10
RE: 54 Albany Ave - Request for Proposal,2025-06-04,2
RE: 77 Water - (Master Roofing) - Roofing and Pavers,2025-06-04,2
RE: 817 Classon - Roofing,2025-06-04,10
RE: 89-61 162nd Street,2025-06-04,2
RE: Jackson,2025-06-04,10
RE: Webster-Davidson_Roofing,2025-06-04,4
Re: (Master) 81 beaver - Brooklyn NY,2025-06-04,2
Re: 1 Wythe Avenue,2025-06-04,6
"Re: 1 of 1,678 80 Pine Street - Metal Panels - Master Roofing",2025-06-04,24
Re: 1009 2nd Avenue - RFP - ROOFING - MASTER,2025-06-04,20
Re: 133 kent ave,2025-06-04,14
Re: 1541 & 1555 60TH STREET_ CONSTRUCTION DRAWINGS DISTRIBUTION,2025-06-04,16
Re: 1580 story ave,2025-06-04,30
Re: 162 E 36th St - RFP - Roofing and Waterproofing - Master,2025-06-04,34
Re: 162 E 36th St.,2025-06-04,8
Re: 1655 1st Ave - Building -A & B,2025-06-04,6
"Re: 1655 1st Ave - Roofing , Stucco & Panel (Building A & B)",2025-06-04,52
Re: 170 W.225- Master Roofing- CO# 1206- NTP,2025-06-04,2
Re: 1723 Boston Rd - Roofing & Waterproofing,2025-06-04,6
Re: 1726 49 - RFP - Master Roofing,2025-06-04,78
Re: 175 Third Street and Court Square Investment,2025-06-04,2
Re: 1801 Weeks Avenue,2025-06-04,30
Re: 185 Chrystie Neighbor Roof,2025-06-04,16
Re: 2-72 Seagirt Blvd. - Stucco,2025-06-04,4
Re: 222 Walworth P2 Master,2025-06-04,18
Re: 24-09 Jackson,2025-06-04,4
"Re: 24-11 Jackson ave & 23-14 45th Ave, Queens, NY 11101.",2025-06-04,26
Re: 34-20 Junction- Master Roofing submittals and shop drawings,2025-06-04,8
"Re: 340 Myrtle Ave. = Open Balance = $237,705.00",2025-06-04,28
Re: 343 Himrod St - Roofing & Stucco,2025-06-04,22
Re: 52 4th Avenue - Roofing Proposal,2025-06-04,4
Re: 54 Albany Ave - Request for Proposal,2025-06-04,2
Re: 556 Baltic St / Pavers,2025-06-04,24
Re: 77 Water - (Master Roofing) - Roofing and Pavers,2025-06-04,22
Re: 799 Greene Avenue - Quote request,2025-06-04,8
Re: 801 Bartholdi,2025-06-04,4
Re: 801 Bartholdi St,2025-06-04,34
Re: 817 Classon - Roofing,2025-06-04,14
Re: 89-61 162nd Street,2025-06-04,4
Re: Attention: Insurance Expiring Notice - Master Roofing & Siding Inc,2025-06-04,6
Re: Court Square - Master Roofing - Proposal,2025-06-04,2
Re: Jackson,2025-06-04,4
Re: Kent,2025-06-04,20
Re: Master Roofing - Domino Site B,2025-06-04,18
Re: OPEN SUBMITTALS - 125 Chrystie,2025-06-04,18
Re: Open DOB Violations | 3100 Ocean Parkway,2025-06-04,2
Re: Proof of Purchase - 56 N 9th St Roof,2025-06-04,2
Re: Re: 162 E 36th St.,2025-06-04,44
Re: Sol Neiman has shared a file with you using Dropbox,2025-06-04,6
Re: Webster-Davidson_Roofing,2025-06-04,6
Re: [External Sender] Bid Invite: Court Square Project,2025-06-04,4
"Share request for ""Combined Set Recieved 2.4.25 - Arch.pdf""",2025-06-04,2
Sol Neiman has shared a file with you using Dropbox,2025-06-04,4
TW SMITH,2025-06-04,2
Tonight!! Last Chance to Register! No Sales Pitch. Just Straight Answers on Life Insurance,2025-06-04,2
Unread notifications [masterroofingus.com],2025-06-04,204
Your invoice 165 from Mavriq,2025-06-04,2
üí¨ New comment on: 1 Wythe Ave,2025-06-04,2
üí¨ New comment on: 2892 Nostrand Ave,2025-06-04,4
üí¨ New comment on: 556 Baltic,2025-06-04,2
üí¨ New comment on: 57 South 6th St,2025-06-04,10
#21762 -- Aaron Hirsch / Master Roofing / Tax Audit / 2019-2022,2025-06-05,2
240 Willoughby Balconies,2025-06-05,2
34-20 JB - Hatfield Report - FOR #006,2025-06-05,2
52 4TH AVENUE- FOLLOWING UP ON ALL MISSING PROPOSALS: 52 4th Avenue,2025-06-05,4
558 Sackett St. - Pavers,2025-06-05,2
625 Fulton / 12 Rockwell,2025-06-05,2
77 Commercial re: Planters,2025-06-05,4
Addendum #1 - Runnemede Multi-Family Conversion,2025-06-05,4
Amendment # 2 with RFI's Answers - Relocation of Radiolog...,2025-06-05,2
Bid Extension (6/26/25) from CONSIGLI CONSTRUCTION - HHFT Breakneck Connector - West Side GMP,2025-06-05,2
Crystal Lake Condos,2025-06-05,2
FW: Palisades Center Home and Lifestyle Show,2025-06-05,2
Fw: 148 Beach 116 Street; ECB Violation Issued by DOB,2025-06-05,2
Fwd: 170 West 225 insulation,2025-06-05,2
Fwd: 2-26 Watjean Ct. - Roofing,2025-06-05,2
Fwd: 558 Sackett St. - Pavers,2025-06-05,2
Fwd: 89-61 162nd Street,2025-06-05,2
Fwd: Department of Buildings Electronic Filing Payment Confirmation Receipt,2025-06-05,4
"Galaxy = Open Balance Report = $2,811,479.34",2025-06-05,4
Google Street Inside View Of Master Roofing & Siding Inc.,2025-06-05,2
Hanover paver samples,2025-06-05,2
June Updates + What You Should Know About Annuities,2025-06-05,2
MAY LAWN SERVICES + PALMS CLEANING INVOICE,2025-06-05,2
Master Roofing/ Master RNS,2025-06-05,2
NIDO: New Drawings,2025-06-05,18
"Next Day Positive Pay NY: 12 Exceptions totaling $170,770.31",2025-06-05,2
RE: 1801 Weeks Avenue,2025-06-05,4
RE: 2-26 Watjean Ct. - Roofing,2025-06-05,6
RE: 2-26 Watjean Ct. - Stucco,2025-06-05,2
"RE: 312 Elmwood Ave - Roofing, waterproofing & EIFS",2025-06-05,4
RE: 34-20 Junction Blvd - Waterproofing Concrete sealer | Master Roofing,2025-06-05,12
RE: 546 Saratoga Ave. - Roof/Stucco (Master),2025-06-05,2
RE: CP210309 - 565 WESTWOOD AVE - MASTER ROOFING AND SIDING COORDINATION,2025-06-05,4
RE: FG & Master Roofing - 2025 Violations - Hearing 3/14/25 1413 New York ave,2025-06-05,6
RE: FW: Request For Proposal EIFS Roofing | Astoria Cove Development,2025-06-05,4
Re: 133 Kent Ave,2025-06-05,14
Re: 133 Kent Avenue,2025-06-05,14
Re: 1539-1542 60th Street,2025-06-05,28
Re: 180 East 125th - Roofing - Master Roofing,2025-06-05,4
Re: 19 Rockwell - Bulkhead,2025-06-05,4
Re: 2-26 Watjean Ct. - Roofing,2025-06-05,8
Re: 240 Willoughby Balconies,2025-06-05,6
Re: 240 Willoughby St. - Take Off,2025-06-05,2
Re: 2768 Wallace Ave - Stucco & Roofing RFP,2025-06-05,18
Re: 34-20 Junction Blvd - Waterproofing Concrete sealer | Master Roofing,2025-06-05,18
Re: 540 Degraw Street Brookyln,2025-06-05,4
Re: 546 Saratoga Ave. - Roof/Stucco (Master),2025-06-05,2
Re: 558 Sackett St. - Pavers,2025-06-05,44
Re: 6014 Beach Channel - Front Facade Design,2025-06-05,6
Re: 926 East 23rd Street,2025-06-05,12
Re: Beach canopy,2025-06-05,8
Re: Bronx Park East Roofing,2025-06-05,26
Re: CP210309 - 565 WESTWOOD AVE - MASTER ROOFING AND SIDING COORDINATION,2025-06-05,4
Re: Delivery Status Notification (Failure),2025-06-05,6
Re: FG & Master Roofing - 2025 Violations - Hearing 3/14/25 1413 New York ave,2025-06-05,8
Re: FW: Request For Proposal EIFS Roofing | Astoria Cove Development,2025-06-05,12
Re: Fw: 148 Beach 116 Street; ECB Violation Issued by DOB,2025-06-05,2
Re: Hanover paver samples,2025-06-05,20
Re: Kent Spec.,2025-06-05,10
Re: MAY LAWN SERVICES + PALMS CLEANING INVOICE,2025-06-05,2
Re: Panel pricing for 1539 60th st - 1555 60th st,2025-06-05,8
Re: [External Sender] Court Square - Master Roofing - Proposal,2025-06-05,10
Revised Proposals,2025-06-05,2
üí¨ New comment on: 240 Willoughby st traf‚Ä¶,2025-06-05,4
üí¨ New comment on: 6014 Beach Channel Dr.,2025-06-05,2
üì• Tejaswini assigned you a task: 255 Avenue W [In House take off],2025-06-05,2
34-20 Junction- Detail at 2nd floor,2025-06-06,2
453 East 166th Street,2025-06-06,2
801 Bartholdi St,2025-06-06,2
A practical edge for teams aiming to stay ahead,2025-06-06,2
"Away Celebrating Eid Re: 24-11 Jackson ave & 23-14 45th Ave, Queens, NY 11101.",2025-06-06,2
"B Management = Open Balance = $2,644,180.60",2025-06-06,2
Beautiful Tefillah Books to Enhance Any Event,2025-06-06,2
Completed: IPE Wood Planks @ 32nd flr rof,2025-06-06,2
Engineer shortage dims power industry,2025-06-06,2
Friday - tasks assigned: 1 - masterroofingus.com,2025-06-06,2
"Hillmans, 600 River St, & 103 Fair Windows",2025-06-06,2
IPE Wood Planks @ 32nd flr rof,2025-06-06,2
"Next Day Positive Pay NY: 3 Exceptions totaling $27,742.92",2025-06-06,2
RE: 133 Kent Avenue,2025-06-06,22
RE: 453 East 166th Street,2025-06-06,2
RE: 619 Grove St. - RFP - 444 Units,2025-06-06,2
RE: 77 Commercial re: Planters,2025-06-06,12
RE: Crystal Lake Condos,2025-06-06,4
RE: Panel pricing for 1539 60th st - 1555 60th st,2025-06-06,6
Re: 1211 Fulton- Roofing RFP- Master Roofing,2025-06-06,6
Re: 133 Kent Ave - Pavers,2025-06-06,14
Re: 599 Ridge Hill Blvd,2025-06-06,4
Re: Crystal Lake Condos,2025-06-06,4
"Re: Master Roofing & Siding, Inc. - Laveena Athuru (SELECTED CAP '25)",2025-06-06,4
"Re: Master Roofing & Siding, Inc. - Sangram Ashok Pawar (SELECTED CAP '25)",2025-06-06,2
"Re: Master Roofing & Siding, Inc./ Bharat Shahaji Shinde (SELECTED CAP '25)",2025-06-06,2
Roofing Energy Inspections | 406 Remsen Avenue,2025-06-06,2
Stressed about the ----- show?,2025-06-06,2
Tej Kode <tkode@masterroofingus.com> messaged you on Google Chat while you were away,2025-06-06,2
The Amazon didn‚Äôt scare us. Coming home did.,2025-06-06,2
"◊û◊ï◊ì◊¢◊ï◊™ ◊ë◊ô◊î◊û""◊ì ◊ñ◊®◊¢ ◊ß◊ï◊ì◊© ◊ß◊®◊ô◊™ ◊ô◊ï◊ê◊ú ◊†◊©◊ê",2025-06-06,2
üí¨ New comment on: 1626 52nd St,2025-06-06,6
üí¨ New comment on: 453 E 166th St,2025-06-06,8
üí¨ New comment on: 619 Grove St.,2025-06-06,2
Albany Controls NYC's Housing Crisis ‚Äî And Won't Let Go,2025-06-07,2
"Aron (Heshy), follow Kevin O'Leary - Strategic Partner at WonderTrust",2025-06-08,2
"Fun games and a sweepstakes, plus ways to earn Rewards points",2025-06-08,2
Mark Your Calendar: Waterdale‚Äôs Biggest Art Event Yet!,2025-06-08,2
"üîî LAST CHANCE! Your $3,000 Shopping Spree",2025-06-08,2
111 - 115 Roof,2025-06-09,2
34-20 junction,2025-06-09,2
"Aron (Heshy), add Steven Dombrowski - Project Coordinator",2025-06-09,2
End-of-Year Gifts with Heart üíú,2025-06-09,2
FW: #21762 -- Aaron Hirsch / Master Roofing / Tax Audit / 2019-2022,2025-06-09,4
FW: Project: 430 Market,2025-06-09,2
Fw: Profiltec info,2025-06-09,2
Fwd: 77 Water - (Master Roofing) - Roofing and Pavers,2025-06-09,10
Fwd: 801 Bartholdi St - Roofing assembly letter,2025-06-09,2
Fwd: 926 E 23rd St,2025-06-09,2
Fwd: Invoice Legal Fee H-1B Registration - 5 Employees,2025-06-09,2
Fwd: List of Verifications for H1B Questionare,2025-06-09,2
Fwd: Recent updates to your documents,2025-06-09,2
Graduation!! CAMP!! SALE!!,2025-06-09,2
List of Verifications for H1B Questionare,2025-06-09,2
Monday - tasks assigned: 1 - masterroofingus.com,2025-06-09,6
MyCase Password Reset Instructions,2025-06-09,2
New activity: 1626 52nd St [Projects],2025-06-09,4
"Next Day Positive Pay NY: 7 Exceptions totaling $1,057,941.42",2025-06-09,2
Pricing,2025-06-09,2
Profiltec info,2025-06-09,2
RE: Re. Pricing for pavers (556 Baltic st.),2025-06-09,10
Re. Pricing for pavers (556 Baltic st.),2025-06-09,2
Re. Pricing for pavers (57 south 6th st.),2025-06-09,6
Re: 1405 Vyse Ave | Maser Roofing,2025-06-09,2
Re: 194 Bainbridge St - Panels,2025-06-09,6
"Re: 312 Elmwood Ave - Roofing, waterproofing & EIFS",2025-06-09,4
Re: 34-20 Junction Blvd,2025-06-09,6
Re: 34-20 junction,2025-06-09,8
Re: 453 East 166th Street,2025-06-09,2
Re: 77 Water,2025-06-09,2
Re: 801 Bartholdi St - Roofing assembly letter,2025-06-09,22
Re: 89-61 162nd Street - Roofing Shop Drawings,2025-06-09,8
Re: Fw: Profiltec info,2025-06-09,2
Re: INVITATION TO BID - 350-358 East 28th St,2025-06-09,2
Re: List of Verifications for H1B Questionare,2025-06-09,20
Re: Master Roofing/ Master RNS,2025-06-09,12
Re: Profiltec info,2025-06-09,6
Re: Re. Pricing for pavers (556 Baltic st.),2025-06-09,18
Re: Re. Pricing for pavers (57 south 6th st.),2025-06-09,12
Re: Roofing Energy Inspections | 406 Remsen Avenue,2025-06-09,8
Re: SL373 (Skyline373): 2892-2904 Nostrand Ave. (Mikerose) Project - Master Roofing & Siding Inc - Initial Non-Compliance Letter,2025-06-09,6
Re: Standard Waterproofing Detail,2025-06-09,4
Re: family office partners capital injection 2-15 million for Master Roofing and Siding,2025-06-09,4
Standard Waterproofing Detail,2025-06-09,2
The Funding Nexus May Insights,2025-06-09,2
Transportation Change Confirmation,2025-06-09,4
YOUR AD,2025-06-09,2
üí¨ New comment on: 1 Wythe,2025-06-09,2
üí¨ New comment on: 202 Tillary,2025-06-09,4
133 Kent Ave (Pavers),2025-06-10,4
19 Rockwell - 27th floor pavers,2025-06-10,2
19 Rockwell-Pavers,2025-06-10,2
2024 ALH CRUT Tax Return,2025-06-10,2
34-20 Junction Blvd: Nechemia Salamon has invited you to bill,2025-06-10,2
77 Waters,2025-06-10,4
"Aron, Secure Your Fleet For Less: 20% OFF for 3 Years on GPS & Dual-facing AI Dashcams!",2025-06-10,2
Avoid Welding Mistakes: Pro Tips for Sure-Flex¬Æ PVC,2025-06-10,2
"Completed: ""JM Peak Advantage Agreement for MASTER ROOFING""",2025-06-10,2
"DD Bids Upcoming Due Date - 187 Clinton St, Binghamton",2025-06-10,2
"Day, Week, or Month ‚Äî Rent On Your Terms",2025-06-10,2
Explore Madrid with an Official Ticket Package!,2025-06-10,2
"FOR LEASE IN NEW ROCHELLE - 16,000 SF INDUSTRIAL FLEX BUILDING - AVAILABLE IMMEDIATELY!",2025-06-10,2
Fwd: 599 Ridge Hill Blvd,2025-06-10,2
Fwd: CP200915 - 15 PARKVILLE AVE - CONTRACT AWARD - MASTER ROOFING & SIDING,2025-06-10,4
"Fwd: DD Bids Upcoming Due Date - 187 Clinton St, Binghamton",2025-06-10,2
Fwd: Sol Neiman has shared a file with you using Dropbox,2025-06-10,2
NOW LIVE! The Waterdale Art Event,2025-06-10,2
"Next Day Positive Pay NY: 16 Exceptions totaling $347,988.00",2025-06-10,2
Notice of Addendum - Runnemede Multi-Family Conversion,2025-06-10,4
Out of Office Re: CP200915 - 15 PARKVILLE AVE - CONTRACT AWARD - MASTER ROOFING & SIDING,2025-06-10,2
RE: 111 - 115 Roof,2025-06-10,4
RE: 19 Rockwell-Pavers,2025-06-10,8
RE: 34-20 Junction- Detail at 2nd floor,2025-06-10,2
RE: 77 Waters,2025-06-10,24
RE: CP200915 - 15 PARKVILLE AVE - CONTRACT AWARD - MASTER ROOFING & SIDING,2025-06-10,6
RE: Revised Proposals,2025-06-10,4
Re:,2025-06-10,30
"Re: 1009"" 2nd Avenue- Online Project meeting request",2025-06-10,2
Re: 111 - 115 Roof,2025-06-10,4
Re: 133 Kent Ave (Pavers),2025-06-10,4
Re: 19 Rockwell - 27th floor pavers,2025-06-10,10
Re: 34-20 Junction- Detail at 2nd floor,2025-06-10,6
Re: 735 Myrtle Ave - Roofing/Stucco/Pavers,2025-06-10,12
Re: 77 Commercial re: Planters,2025-06-10,8
Re: 77 Waters,2025-06-10,22
"Re: B Management = Open Balance = $2,644,180.60",2025-06-10,4
Re: CP200915 - 15 PARKVILLE AVE - CONTRACT AWARD - MASTER ROOFING & SIDING,2025-06-10,6
Re: Emailing Inv_3885_from_Highrise_Expediters_3512.pdf,2025-06-10,6
Re: Projects discussed on 12/25/2024,2025-06-10,8
Re: Revised Proposals,2025-06-10,4
Re: Uptec SUPATRAY info,2025-06-10,12
Re: [usa] Re. Pricing for pavers (57 south 6th st.),2025-06-10,6
Requesting Metal Panel pricing for 1421-58th St.,2025-06-10,2
SUMMER ADVERTISING PROMOTION,2025-06-10,2
Short survey:  How are we doing?,2025-06-10,2
Think MASTER ROOFING & SIDING INC's internet is fast enough? Let's test it.,2025-06-10,2
Uptec SUPATRAY info,2025-06-10,2
Your invoice 166 from Mavriq,2025-06-10,2
üí¨ New comment on: 19 Rockwell,2025-06-10,2
üí¨ New comment on: 34-20 Junction -,2025-06-10,4
100 Lee Ave - Stucco & roofing,2025-06-11,2
1692 Weeks Ave - Roofing & Stucco,2025-06-11,2
3006 Williamsbridge  Roofing,2025-06-11,2
312 Elmwood Ave - CONTRACT AWARD - Roofing & waterproofing - MASTER ROOFING,2025-06-11,2
312 Elmwood Ave - COORDINATION - Roofing & waterproofing - MASTER ROOFING,2025-06-11,2
34-20 Junction,2025-06-11,2
55 Mangin Rd,2025-06-11,2
833rd Avenue Conversion Project ‚Äì RFP Bid,2025-06-11,2
A new transaction was charged to your account,2025-06-11,28
"B Management = Open Balance = $2,574,180.60",2025-06-11,2
Bid Invite: 830 3rd Avenue Conversion Project,2025-06-11,6
Bid Reminder from CONSIGLI CONSTRUCTION for HHFT Breakneck Connector - West Side GMP,2025-06-11,2
Don't let scammers ruin your summer,2025-06-11,2
FDNY Permit Renewal - 453 E,2025-06-11,2
FW: [EXTERNAL] Re: 1410 New York Ave. Brooklyn,2025-06-11,2
"Final Inspection Completed for MASTER ROOFING & SIDING INC  (Project # 240 Willoughby St, Project Name:   4862200",2025-06-11,2
Fwd: 1692 Weeks Ave - Roofing & Stucco,2025-06-11,2
Fwd: 1726 49 - RFP - Master Roofing,2025-06-11,4
Fwd: 3006 Williamsbridge  Roofing,2025-06-11,2
Fwd: 34-20 Junction,2025-06-11,6
Fwd: 665 park,2025-06-11,2
Fwd: Fw: 1410 New York Ave. Brooklyn,2025-06-11,2
"Interim Inspection Completed for MASTER ROOFING & SIDING INC  (Project # 240 Willoughby St, Project Name:   4862200",2025-06-11,2
Last chance to RSVP: Reserve your spot at next week's expo,2025-06-11,2
Master Roofing 77,2025-06-11,2
Master Roofing: Payment from Emerest HomeCare,2025-06-11,2
Mazal Tov!‚ÄØNew Jersey‚Äôs Backing Jack!,2025-06-11,2
"Next Day Positive Pay NY: 1 Exceptions totaling $9,300.00",2025-06-11,2
Promote your Q Score to Northeast GCs to get on their Preferred Vendor List,2025-06-11,2
RE: 2024 ALH CRUT Tax Return,2025-06-11,4
RE: 3006 Williamsbridge Roofing,2025-06-11,8
RE: 3100 Ocean Parkway - FINAL Scope of Repairs,2025-06-11,24
RE: 665 park,2025-06-11,2
RE: 833rd Avenue Conversion Project ‚Äì RFP Bid,2025-06-11,2
RE: Master Roofing/ Master RNS,2025-06-11,4
RE: Requesting Metal Panel pricing for 1421-58th St.,2025-06-11,2
RFI Response - 830 3rd Avenue Conversion,2025-06-11,6
RFI Responses R1 - 830 3rd Avenue Conversion,2025-06-11,6
Re: 1 Wythe Ave - RFP - Bulkhead Extension - Master Roofing,2025-06-11,8
Re: 1692 Weeks Ave - Roofing & Stucco,2025-06-11,12
Re: 19 Rockwell-Pavers,2025-06-11,6
Re: 3006 Williamsbridge Roofing,2025-06-11,14
Re: 312 Elmwood Ave - CONTRACT AWARD - Roofing & waterproofing - MASTER ROOFING,2025-06-11,2
Re: 34-20 Junction,2025-06-11,6
Re: 350-358 East 28th - Roofing - Master Roofing,2025-06-11,10
Re: 665 park,2025-06-11,8
"Re: Galaxy = Open Balance Report = $2,811,479.34",2025-06-11,6
Re: Important Part in Job Flow,2025-06-11,6
Re: Master Roofing & Siding Inc - SL249: Skyline One Five Five LLC,2025-06-11,8
Re: Master Roofing: Payment from Emerest HomeCare,2025-06-11,2
Re: Sage,2025-06-11,2
"Re: Urgent: Completion of Questionnaires and Submission of Documentation- Master Roofing & Siding, Inc. Sangram Ashok Pawar, Laveena Athuru,Bharat Shahaji Shinde",2025-06-11,48
"Reinspection Completed for MASTER ROOFING & SIDING INC  (Project # 3100 Ocean Pkwy, Project Name:   4886576",2025-06-11,2
Reminder: There's Still Time to Register for FREE June E-Verify & Form I-9 Webinars!,2025-06-11,2
The CERAM-A-STAR¬Æ family of products are silicone-modified polyester coil coatings designed exclusively for the metal construction industry.,2025-06-11,2
"View/Print Warranty for MASTER ROOFING & SIDING INC (Project # 4862200, Project Name: 240 Willoughby St)",2025-06-11,2
"View/Print Warranty for MASTER ROOFING & SIDING INC (Project # 4886576, Project Name: 3100 Ocean Pkwy)",2025-06-11,2
Welcome to JMConnexus Portal,2025-06-11,2
[DO NOT REPLY] LCA Case Number: I-200-25162-082354 Received: 6/11/2025,2025-06-11,2
[DO NOT REPLY] LCA Case Number: I-200-25162-082372 Received: 6/11/2025,2025-06-11,2
[DO NOT REPLY] LCA Case Number: I-200-25162-082377 Received: 6/11/2025,2025-06-11,2
‚è≥ Just 24 Hours Left ‚Äî Waterdale Art Event Ends Soon!,2025-06-11,2
üí¨ New comment added on a task assigned to you: 3100 ocean parkway -48‚Ä¶,2025-06-11,2
133 or 131 Kent Avenue,2025-06-12,2
170 West 225th Street: Freidy Weber has invited you to bill,2025-06-12,4
240 Willoughby,2025-06-12,2
2892 Nostrand Avenue_ Submittals,2025-06-12,2
410 40th St - Roofing,2025-06-12,2
55 Old Turnpike Road Roofing Proposal,2025-06-12,2
76 Pierrepont Street,2025-06-12,2
79 Maujer,2025-06-12,2
801 Bartholdi St Roofing System,2025-06-12,4
801 Bartholdi St Roofing System Approval Call,2025-06-12,2
"8915 4th Avenue Brooklyn, NY Roofing RFP",2025-06-12,2
92 Walton Street Proposal,2025-06-12,4
"Aron (Heshy), add Motty Weisberg - Business Owner üí¨",2025-06-12,6
"Aron, Quick Question",2025-06-12,2
Automatic reply: 817 Classon - Roofing,2025-06-12,2
Bid Proposal - 830 3rd Avenue Conversion,2025-06-12,18
Big Change: No More Pennies,2025-06-12,2
Documents required for 11 West St,2025-06-12,8
Fwd: 410 40th St - Roofing,2025-06-12,2
Fwd: 55 Mangin Rd,2025-06-12,2
"Fwd: 8915 4th Avenue Brooklyn, NY Roofing RFP",2025-06-12,2
Fwd: Roofing Quote,2025-06-12,2
"Fwd: Skanska USA Building, Inc. - Subcontractor Prequalification - Master Roofing & Siding Inc.",2025-06-12,2
"Fwd: Urgent: Completion of Questionnaires and Submission of Documentation- Master Roofing & Siding, Inc. Sangram Ashok Pawar, Laveena Athuru,Bharat Shahaji Shinde",2025-06-12,4
Fwd: [PRM] Non Compliant Notifications for Master Roofing & Siding Inc - SL278: Skyline 143 Prospect Rd (BG Development) Project,2025-06-12,2
Happening now: fkohn@masterroofingus.com is inviting you to a video call,2025-06-12,6
"Next Day Positive Pay NY: 8 Exceptions totaling $41,409.61",2025-06-12,2
"Notes: Meeting Jun 12, 2025 at 11:31 AM EDT",2025-06-12,2
Principal Payment - Master Roofing,2025-06-12,2
RE: #21762 -- Aaron Hirsch / Master Roofing / Tax Audit / 2019-2022,2025-06-12,6
RE: 1692 Weeks Ave - Roofing & Stucco,2025-06-12,6
RE: 76 Pierrepont Street,2025-06-12,12
RE: 801 Bartholdi St Roofing System Approval Call,2025-06-12,28
RE: Tillary | Coping,2025-06-12,2
RE: [EXTERNAL] Fwd: 34-20 Junction,2025-06-12,2
REMINDER: E-Verify Enhances Account Security with Login.gov,2025-06-12,4
Re: 1 Wythe Ave - Mechanical Room Waterproofing - Master Roofing,2025-06-12,6
Re: 100 Lee Ave - Stucco & roofing,2025-06-12,18
Re: 102 Fleet Place - Roofing Proposal - Master Roofing,2025-06-12,20
Re: 133 or 131 Kent Avenue,2025-06-12,2
Re: 240 Willoughby,2025-06-12,2
Re: 2892 Nostrand Avenue_ Submittals,2025-06-12,8
Re: 55 Mangin Rd,2025-06-12,6
Re: 721 roofing,2025-06-12,2
Re: 76 Pierrepont Street,2025-06-12,20
Re: 79 Maujer,2025-06-12,10
Re: 801 Bartholdi St Roofing System Approval Call,2025-06-12,36
Re: Requesting Metal Panel pricing for 1421-58th St.,2025-06-12,2
"Re: Skanska USA Building, Inc. - Subcontractor Prequalification - Master Roofing & Siding Inc.",2025-06-12,2
Re: Tillary | Coping,2025-06-12,2
Re: [EXTERNAL] Fwd: 34-20 Junction,2025-06-12,2
Roofing Quote,2025-06-12,2
"Skanska USA Building, Inc. - Subcontractor Prequalification - Master Roofing & Siding Inc.",2025-06-12,2
The symptoms you learn to live with,2025-06-12,2
This Sunday! The CLEARANCE SALE you were waiting for!,2025-06-12,2
"Your payment of $621526.73 is scheduled for Jun 12,2025",2025-06-12,2
üí¨ New comment added on a task assigned to you: 92 Walton St,2025-06-12,2
üí¨ New comment on: 102 Fleet,2025-06-12,2
üí¨ New comment on: 123 Linden,2025-06-12,2
üí¨ New comment on: 343 Himrod St,2025-06-12,2
üì• Chana assigned you a task: 29 Walton St [Proposals],2025-06-12,2
üì• Chana assigned you a task: 55 Mangin Rd- Monroe [In House take off],2025-06-12,2
üì• mirel assigned you a task: 92 Walton St [Proposals] [In House take off],2025-06-12,2
77 Water Street (Roofing and Paver) Master Roof Proposal Review  [In-person],2025-06-13,2
Announcing Sales Organization Updates,2025-06-13,2
Apex: Check-in items,2025-06-13,2
"Aron, ¬†3-Year Price Protection: 20% Off Fleet GPS & Dual-facing AI Dashcams, Starting Now!",2025-06-13,2
Automatic reply: Master Roofing - Domino Site B,2025-06-13,2
Bid Invite: Tobyhanna Army Depot New Townhomes Project,2025-06-13,2
"Fwd: Invitation: 80 Pine Street - Master Roofing @ Fri Jun 13, 2025 10:30am - 11:30am (EDT) (bshinde@masterroofingus.com)",2025-06-13,2
"Fwd: Submission of Documentation- Master Roofing & Siding, Inc. Sangram Ashok Pawar, Laveena Athuru,Bharat Shahaji Shinde",2025-06-13,2
Fwd: [Corrections Needed] Holt Construction‚Äôs qualification application,2025-06-13,4
New activity on a task assigned to you: 111 Willighaby St [Proposals],2025-06-13,8
"Next Day Positive Pay NY: 5 Exceptions totaling $121,865.34",2025-06-13,2
"OOO Re: Urgent: Completion of Questionnaires and Submission of Documentation- Master Roofing & Siding, Inc. Sangram Ashok Pawar, Laveena Athuru,Bharat Shahaji Shinde",2025-06-13,2
RE: 532 Neptune Ave,2025-06-13,4
RE: Master Roofing 77,2025-06-13,8
Re. Pricing for porcelain pavers (80 Pine st.),2025-06-13,2
Re: 410 40th St - Roofing,2025-06-13,16
Re: 79 maujer,2025-06-13,4
Re: 833rd Avenue Conversion Project ‚Äì RFP Bid,2025-06-13,4
"Re: 8915 4th Avenue Brooklyn, NY Roofing RFP",2025-06-13,22
"Re: OOO Re: Urgent: Completion of Questionnaires and Submission of Documentation- Master Roofing & Siding, Inc. Sangram Ashok Pawar, Laveena Athuru,Bharat Shahaji Shinde",2025-06-13,6
Re: Re. Pricing for porcelain pavers (80 Pine st.),2025-06-13,4
"Re: Submission of Documentation- Master Roofing & Siding, Inc. Sangram Ashok Pawar, Laveena Athuru,Bharat Shahaji Shinde",2025-06-13,8
SL249 (Skyline249): 155 S Elliott Pl. (One Five Five LLC) Project - Master Roofing & Siding Inc.,2025-06-13,2
"Submission of Documentation- Master Roofing & Siding, Inc. Sangram Ashok Pawar, Laveena Athuru,Bharat Shahaji Shinde",2025-06-13,2
What separates just good brokers from great ones?,2025-06-13,2
üí¨ New comment on: 162 East 36th St,2025-06-13,2
üí¨ New comment on: 558 Sackett St-Pavers,2025-06-13,4
üì• Benny assigned you a task: 453 E 166th St [Proposals],2025-06-13,2
üì• Elias assigned you a task: 111 Willighaby St [Proposals],2025-06-13,2
Summer Kids Clubs,2025-06-14,2
190 hewes,2025-06-15,2
46 a Pulaski,2025-06-15,2
"Aron (Heshy), add Zishy Reichman - Sales Specialist üí¨",2025-06-15,2
Re: 532 Neptune Ave,2025-06-15,6
üî• Online Outlet Finds! Major Markdowns Added,2025-06-15,2
1726 49 - HH/COI - Master Roofing,2025-06-16,2
178 Throop Ave,2025-06-16,2
34-20 JB - Arch Field  report corrections,2025-06-16,2
81 Beaver - Roofing Contract,2025-06-16,2
94-15 Sutphin Blvd - Warranty and Manuals - Master,2025-06-16,2
Action Requested: Prevent your Key Merchant Services account from closing.,2025-06-16,2
Ads for the upcoming issue,2025-06-16,4
"Aron (Heshy), follow Codie A. Sanchez - Founder - Investor - Writer at Contrarian Thinking",2025-06-16,2
"Aron, worth holding a spot for Master Roofing & Siding Inc.?",2025-06-16,2
Bid Invite: 15 Old Danbury Road - Wilton Project,2025-06-16,2
BuzzBID Subscription Assignment,2025-06-16,2
Crush listings. Score deals. Make an impact‚Äîwith AI.,2025-06-16,2
Did you miss this month's newsletter?,2025-06-16,2
"EMAIL BLAST TO THE CAMPS, SCHOOLS, PROGRAMS ETC.",2025-06-16,2
Elevate Roots to Rooftops Newsletter: What‚Äôs New This Month,2025-06-16,4
"FW: Submission of Documentation- Master Roofing & Siding, Inc. Sangram Ashok Pawar, Laveena Athuru,Bharat Shahaji Shinde",2025-06-16,2
Fwd: 178 Throop Ave,2025-06-16,6
Fwd: 190 hewes,2025-06-16,2
Fwd: 46 a Pulaski,2025-06-16,2
Fwd: 81 Beaver - Roofing Contract,2025-06-16,2
Fwd: Bid Invite: 15 Old Danbury Road - Wilton Project,2025-06-16,2
"Fwd: FW: Submission of Documentation- Master Roofing & Siding, Inc. Sangram Ashok Pawar, Laveena Athuru,Bharat Shahaji Shinde",2025-06-16,2
Fwd: Quote Request (Trespa) - 31-88 45th St,2025-06-16,2
Fwd: Request to Set Up BuzzBID Multi-User Functionality | Ticket #2954536,2025-06-16,8
Fwd: Resignation,2025-06-16,4
Happy Monday!,2025-06-16,2
Master Roofing Us Funding,2025-06-16,2
"Next Day Positive Pay NY: 15 Exceptions totaling $317,399.66",2025-06-16,2
Non Compliant Notifications Master RNS LLC / Master Roofing & Siding Inc - SL76: Skyline 6101 16th Street,2025-06-16,2
Offer more with TAMKO,2025-06-16,2
RE: 19 Rockwell - 27th floor pavers,2025-06-16,4
RE: 224 3rd Ave - Roofing,2025-06-16,2
RE: Resignation,2025-06-16,2
"RE: Urgent: Completion of Questionnaires and Submission of Documentation- Master Roofing & Siding, Inc. Sangram Ashok Pawar, Laveena Athuru,Bharat Shahaji Shinde",2025-06-16,2
Re-1421-58th st.,2025-06-16,2
Re: 1726 49 - HH/COI - Master Roofing,2025-06-16,8
Re: 178 Throop Ave,2025-06-16,10
Re: 190 hewes,2025-06-16,6
Re: 46 a Pulaski,2025-06-16,8
Re: 81 Beaver - Roofing Contract,2025-06-16,12
Re: 94-15 Sutphin Blvd - Warranty and Manuals - Master,2025-06-16,14
Re: <[Secure]> RE: Check 36341,2025-06-16,8
Re: Quote | 371 Nostrand,2025-06-16,4
Re: Re-1421-58th st.,2025-06-16,2
Re: Request to Set Up BuzzBID Multi-User Functionality | Ticket #2954536,2025-06-16,36
Re: Resignation,2025-06-16,4
Re: Roof Repair and Install,2025-06-16,10
Re: SL249 (Skyline249): 155 S Elliott Pl. (One Five Five LLC) Project - Master Roofing & Siding Inc.,2025-06-16,4
"Re: URGENT- Submission of Documentation- Master Roofing & Siding, Inc. Sangram Ashok Pawar, Laveena Athuru,Bharat Shahaji Shinde",2025-06-16,120
Request to Schedule Zoom Meeting for Multi-User Setup,2025-06-16,2
Request to Set Up BuzzBID Multi-User Functionality,2025-06-16,2
Resignation,2025-06-16,2
Roof consultant,2025-06-16,2
School‚Äôs Out? We‚Äôve Got the Craft!,2025-06-16,2
Siva PC-16,2025-06-16,2
"Your payment of $100000.00 is scheduled for Jun 16,2025",2025-06-16,2
üí¨ New comment on: 133 Kent Ave,2025-06-16,2
üí¨ New comment on: 81 Beaver,2025-06-16,4
üì• Tejaswini assigned you a task: 172-02 Hillside Ave- Pavers [Bids - Workflow],2025-06-16,2
"3100 Ocean - LL11 - Call w/ Salamon, Clipper re: Drop Inspections",2025-06-17,4
77 Commercial Interior planter work.,2025-06-17,2
"AARON, Enhance Your Experience with Us ‚Äì Share Your Insights!",2025-06-17,2
Amendment # 3 with additional RFI's Answers - Relocation ...,2025-06-17,2
"Aron, ¬†Triple Your Savings: Free Hardware + 20% OFF GPS & AI Dashcams + 3-Year Price Lock.",2025-06-17,4
EFT Payment Notification - County Fire,2025-06-17,2
"Exhibitors helping you stay protected, connected, and in control",2025-06-17,6
Extended Due Date  - Paramount Hudson Valley Theater & Ar...,2025-06-17,8
Facade Restoration Group Proposal FRG406-1,2025-06-17,4
Fw: 148 Beach 116 Street; ECB Hearing Update for DEP Violation,2025-06-17,2
Fwd: 77 Water Street (Roofing and Paver) Master Roof Proposal Review  [In-person],2025-06-17,4
Fwd: BuzzBID Meeting 6/17/25,2025-06-17,2
Fwd: JP Diagnostics Report Dispatch,2025-06-17,2
"Fwd: New Voicemail Message from ""LOPEZ NELI"" <8453237854> - Received at Tuesday, June 17 2025, 11:44",2025-06-17,2
"Fwd: URGENT- Submission of Documentation- Master Roofing & Siding, Inc. Sangram Ashok Pawar, Laveena Athuru,Bharat Shahaji Shinde",2025-06-17,2
Fwd: Updated Pricing - 619 Grove St. - 444 Units,2025-06-17,4
Fwd: Valley Heights - Invitation to Bid | Roofing - Master Roofing,2025-06-17,2
Holt Construction has canceled their request for corrections,2025-06-17,2
Important: Please Disregard Previous Email from this Account,2025-06-17,2
"Invitation: IT Provider, OKG Tech - Isaac Wagschal w/MasterRoofing @ Tue Jun 17, 2025 10:30am - 11am (EDT) (fkohn@masterroofingus.com)",2025-06-17,2
I‚Äôve Launched a New Substack ‚Äì Insights on Business & Legacy Planning,2025-06-17,2
"New Voicemail Message from ""LOPEZ NELI"" <8453237854> - Received at Tuesday, June 17 2025, 11:44",2025-06-17,2
New activity: 76 Pierrepont St,2025-06-17,2
"Next Day Positive Pay NY: 23 Exceptions totaling $304,640.36",2025-06-17,2
Project Saved,2025-06-17,2
RE-new monitor for PC-22,2025-06-17,2
RE: 102 Fleet,2025-06-17,2
RE: 801 Bartholdi St - Roofing assembly letter,2025-06-17,4
"RE: 8915 4th Avenue Brooklyn, NY Roofing RFP",2025-06-17,4
RE: Metal Panel Quote-Astoria building-5,2025-06-17,12
Re: 101 Alexander Avenue,2025-06-17,6
Re: 102 Fleet,2025-06-17,2
Re: 251 Wallabout St - Courtyard - Master Roofing - Warranty,2025-06-17,40
Re: 3100 Ocean Parkway - FINAL Scope of Repairs,2025-06-17,22
Re: 34-20 JB - Arch Field report corrections,2025-06-17,10
Re: 77 Commercial Interior planter work.,2025-06-17,2
Re: Bid Invitation: South Bushwick Neighborhood Homes (5 Sites),2025-06-17,12
Re: FDNY Permit Renewal - 453 E,2025-06-17,10
Re: MRAS-NUC2 Offline for 6 Months:229387 - | Ticket #2716173,2025-06-17,2
Re: Metal Panel Quote-Astoria building-5,2025-06-17,16
Re: SF verification for 151 Dwight St,2025-06-17,4
Re: Siva PC-16 | Ticket #2954614,2025-06-17,10
Re: Updated Pricing - 619 Grove St. - 444 Units,2025-06-17,4
Reference Letter - Master Roofing,2025-06-17,2
SF verification for 151 Dwight St,2025-06-17,2
"Share request for ""Joel lefko project""",2025-06-17,2
Short survey:  We would still like to know: How are we doing?,2025-06-17,4
"Stay Compliant, Build Better, and Access Funding ‚Äî Latest from Latitude",2025-06-17,2
The Answer To War...,2025-06-17,2
Tobyhanna Army Depot Owner Vendor List 6.17.25 - Tobyhann...,2025-06-17,2
Tobyhanna Army Depot Site Layout 6.17.25 - Tobyhanna Army...,2025-06-17,2
Tobyhanna Army Depot Spec Items Sheets 6.16.25 - Tobyhann...,2025-06-17,2
Tuesday - tasks assigned: 2 - masterroofingus.com,2025-06-17,2
Understanding Fire Ratings and Roof Hatches,2025-06-17,2
Valley Heights - Invitation to Bid | Roofing - Master Roofing,2025-06-17,2
You're invited,2025-06-17,2
Your Asana export of Bids  project for masterroofingus.com,2025-06-17,2
Your invoice 167 from Mavriq,2025-06-17,2
"Your payment of $500000.00 is scheduled for Jun 17,2025",2025-06-17,2
üí¨ New comment on: 251 Wallabout St,2025-06-17,4
**ALL BIDDERS PLEASE READ**: Weiss Properties - Delran,2025-06-18,2
133 Kent,2025-06-18,2
1660 Boone Ave | Master,2025-06-18,2
303 East 44th St,2025-06-18,2
340 Evergreen,2025-06-18,2
At the AILA conference Re: Fwd: [DO NOT REPLY] LCA: Certification Email re Case I-200-25162-082372,2025-06-18,2
"Because you‚Äôre a customer, you can save on Fios Business Internet",2025-06-18,2
Bid Selection Results - Avalon North Palm Beach,2025-06-18,4
Can I start?,2025-06-18,2
"Close Out! 14,000 BTU Portable AC - Only $249",2025-06-18,2
Corporate Rebranding of U.S. Holcim Building Envelope Operations to AMRIZE,2025-06-18,2
EIFS Coverage,2025-06-18,2
Extremely Urgent Update...Israel At WAR!,2025-06-18,2
Firestone Increase,2025-06-18,2
Fwd: Bid Selection Results - Avalon North Palm Beach,2025-06-18,2
Fwd: INVITATION TO BID - Weiss Properties - Delran,2025-06-18,2
Fwd: Ink 48 Hotel (Rebel Hotel Company) - 653 11th Ave.,2025-06-18,2
Fwd: New Invoice from VisaNation Law Group,2025-06-18,2
Fwd: Re. Pricing for pavers (556 Baltic st.),2025-06-18,2
Fwd: Reminder to submit your Bid for 3. Shell & Core (Roofing),2025-06-18,2
Fwd: Request For Estimate: 69 church ave,2025-06-18,2
Fwd: [DO NOT REPLY] LCA: Certification Email re Case I-200-25162-082372,2025-06-18,2
INVITATION TO BID - Weiss Properties - Delran,2025-06-18,2
Ink 48 Hotel (Rebel Hotel Company) - 653 11th Ave.,2025-06-18,2
Invitation to Bid- 230 E. 48th,2025-06-18,2
It‚Äôs important that we talk about your new PCI ComplyAlly service,2025-06-18,2
New Invoice from VisaNation Law Group,2025-06-18,6
New activity: 926 E 23rd Street [Projects] [Bids - Workflow],2025-06-18,2
"Next Day Positive Pay NY: 11 Exceptions totaling $24,110.92",2025-06-18,2
RE: 55 Old Turnpike Road Roofing Proposal,2025-06-18,2
RE: 81 Beaver - Roofing Contract,2025-06-18,10
RE: <[Secure]> RE: Check 36341,2025-06-18,4
"Re: 3100 Ocean - LL11 - Call w/ Salamon, Clipper re: Drop Inspections",2025-06-18,2
Re: INVITATION TO BID - 6208 8th Avenue,2025-06-18,2
Re: Ink 48 Hotel (Rebel Hotel Company) - 653 11th Ave.,2025-06-18,4
"Re: Open Balance = $101,636.00",2025-06-18,6
Re: Request For Estimate: 69 church ave,2025-06-18,10
Re: Request for Material,2025-06-18,6
Re: Visa,2025-06-18,6
Re: [DO NOT REPLY] LCA: Certification Email re Case I-200-25162-082372,2025-06-18,16
Reminder to Complete Your PlanHub Profile,2025-06-18,2
Request for Material,2025-06-18,2
Robotaxis set route for NYC,2025-06-18,2
Stay ahead: Updates from Indeed to upgrade your hiring,2025-06-18,2
Updated WZTC Plans (6.18.25) Issued from CONSIGLI CONSTRUCTION - HHFT Breakneck Connector - West Sid,2025-06-18,2
Visa,2025-06-18,2
Wednesday - tasks assigned: 1 - masterroofingus.com,2025-06-18,2
[DO NOT REPLY] LCA: Certification Email re Case I-200-25162-082354,2025-06-18,2
[DO NOT REPLY] LCA: Certification Email re Case I-200-25162-082372,2025-06-18,2
[DO NOT REPLY] LCA: Certification Email re Case I-200-25162-082377,2025-06-18,2
üí¨ New comment added on a task assigned to you: 58 Berry St,2025-06-18,2
üí¨ New comment on: 102 Fleet Place,2025-06-18,2
üí¨ New comment on: 296 Wythe / 74 North 1st,2025-06-18,2
üí¨ New comment on: 635 Chauncey- 676 Cent‚Ä¶,2025-06-18,2
üí¨ New comment on: 76 Pierrepont St,2025-06-18,2
üì• Isaac assigned you a task: 1726 49th St [Bids - Workflow],2025-06-18,2
üì• Isaac assigned you a task: 24-09 Jackson Avenue-Court Square [Bids - Workflow],2025-06-18,2
üì• Isaac assigned you a task: 313 East 17- Paneling [Bids - Workflow],2025-06-18,2
1086 Dumont - Roofing/Stucco,2025-06-19,2
1410 New York ave fence bill,2025-06-19,2
169 Knickerbocker Ave - Roofing  - Master Roofing,2025-06-19,2
2065 57st,2025-06-19,2
676 Central,2025-06-19,2
Addendum #1 - Paramount Hudson Valley Theater & Art Center,2025-06-19,8
"Aron (Heshy), thanks for being a valued member",2025-06-19,2
Ateres Yoel Construction Update,2025-06-19,2
"Basically, We Would Like To Introduce Ourselves",2025-06-19,2
Company Support Letters,2025-06-19,2
DOCUMENTS,2025-06-19,2
Fwd: 1086 Dumont - Roofing/Stucco,2025-06-19,2
"Fwd: 1655 1st Ave - Roofing , Stucco & Panel (Building A & B)",2025-06-19,2
Fwd: 169 Knickerbocker Ave - Roofing  - Master Roofing,2025-06-19,4
Fwd: 60-66 Gerry St Roofing - EIFS,2025-06-19,2
"Fwd: 68-15 Main St, Flushing, NY 11367 - Roofing RFP",2025-06-19,2
Fwd: Bid Invitation: South Bushwick Neighborhood Homes (5 Sites),2025-06-19,4
Fwd: Invitation to Bid- 230 E. 48th,2025-06-19,2
G-28,2025-06-19,2
I-129,2025-06-19,2
Immediate assistance requird - PC-19,2025-06-19,2
Important update on 151 Dwight St. - Revisions Required,2025-06-19,4
"Interim Inspection Completed for MASTER ROOFING & SIDING INC  (Project # 158 Lott St/Building D, Project Name:   4915800",2025-06-19,2
"Interim Inspection Completed for MASTER ROOFING & SIDING INC  (Project # 2363 Bedford/Building C, Project Name:   4915792",2025-06-19,2
MWBE,2025-06-19,2
More Than Mounts ‚Äì A Partner You Can Count On,2025-06-19,2
"PIN Request Approved for MASTER ROOFING & SIDING INC   (Project # 4990180 , Project Name: 558 sackett St.)",2025-06-19,2
"PIN Submittal Confirmation for MASTER ROOFING & SIDING INC  (Project # 4990180, Project Name: 558 sackett St.)",2025-06-19,2
Pipeline as discussed,2025-06-19,2
RAL 8019 - ALPOLIC,2025-06-19,2
RE: 172-02 Hillside Ave - Pavers,2025-06-19,4
RE: RAL 8019 - ALPOLIC,2025-06-19,8
RE: [DO NOT REPLY] LCA: Certification Email re Case I-200-25162-082372,2025-06-19,2
RFP - Panel - Canopy & Balcony After CO - 427 Marcy Avenue,2025-06-19,2
Re: 1086 Dumont - Roofing/Stucco,2025-06-19,18
Re: 1410 New York ave fence bill,2025-06-19,14
Re: 1660 Boone Ave | Master,2025-06-19,6
Re: 169 Knickerbocker Ave - Roofing - Master Roofing,2025-06-19,30
Re: 2065 57st,2025-06-19,2
Re: 60-66 Gerry St Roofing - EIFS,2025-06-19,12
Re: 676 Central,2025-06-19,8
Re: Immediate assistance requird - PC-19,2025-06-19,2
Re: Invitation to Bid- 230 E. 48th,2025-06-19,30
Re: MWBE,2025-06-19,8
Re: PC19 - please respond | Ticket #2959527,2025-06-19,10
Re: RAL 8019 - ALPOLIC,2025-06-19,6
Re: RFP - Panel - Canopy & Balcony After CO - 427 Marcy Avenue,2025-06-19,44
Re: Re_427 Marcy ave. Panel - Canopy & Balcony,2025-06-19,12
Re: Roof saddle Brook,2025-06-19,2
Re_427 Marcy ave. Panel - Canopy & Balcony,2025-06-19,2
Thursday - tasks assigned: 4 - masterroofingus.com,2025-06-19,2
Weekly Torah & Tidbits,2025-06-19,2
Your new JMConnexus Portal password,2025-06-19,2
üí¨ New comment on: 427 Marcy,2025-06-19,2
üí¨ New comment on: 88 Schermerhorn,2025-06-19,2
üí¨ New comment on: 89-61 162nd Street,2025-06-19,2
"3100 Ocean Pkwy - Drop Inspection w/ Salamon, Clipper",2025-06-20,2
3100 Ocean Pkwy Onsite Meeting - Local Law 11 Review,2025-06-20,4
Addendum #4 - Runnemede Multi-Family Conversion,2025-06-20,4
"Aron, ¬†Save Thousands on Fleet Tracking Costs ‚Äì 20% OFF GPS & AI Dashcams + Free Hardware.",2025-06-20,2
"Canceled: 3100 Ocean Pkwy - Drop Inspection w/ Salamon, Clipper",2025-06-20,2
"Complete with Docusign: ""Masterroofingus//settlement_Agreement_June 6VFCAAO""",2025-06-20,2
Do you know how much rebate money you‚Äôre missing out on Aron?,2025-06-20,2
Don't forget! Cohen Family Birthday Bash is coming up.,2025-06-20,2
"Flash Sale: Beat the Heat ‚Äì Unbeatable Savings on AC, Fridges & More ‚Äì Act Fast!",2025-06-20,4
Friday - tasks assigned: 4 - masterroofingus.com,2025-06-20,2
Fwd: 1655 53rd St.,2025-06-20,2
Fwd: Fw: 1481 St Marks Ave,2025-06-20,2
Fwd: RAL 8019 - ALPOLIC,2025-06-20,2
Is your sweet tooth a stowaway?,2025-06-20,2
"New ""Status Change Report"" for E‚ÄëVerify Users Following Parole Termination and EAD Revocation",2025-06-20,2
New activity: 880 Atlantic [Projects],2025-06-20,2
"Next Day Positive Pay NY: 7 Exceptions totaling $50,138.28",2025-06-20,2
Pair Your Brachos Perfectly,2025-06-20,2
Quick Clarification on H-1B Visa Stamping Timeline,2025-06-20,2
RE: 169 Knickerbocker Ave - Roofing - Master Roofing,2025-06-20,20
RE: Re_427 Marcy ave. Panel - Canopy & Balcony,2025-06-20,6
Re: 303 East 44th St,2025-06-20,22
Re: EIFS Coverage,2025-06-20,14
"◊§◊®◊©◊™ ◊©◊ú◊ó ◊™◊©◊§""◊î (◊ë) ◊ë◊î◊ô◊®◊ï◊™ ◊ú◊ê◊ï◊® ◊î◊û◊¶◊ë ◊ë◊ê''◊ô",2025-06-20,2
üí¨ New comment on: 58 Berry st,2025-06-20,2
üì• Tejaswini assigned you a task: 558 Sackett St-Pavers [Bids] [Bids - Workflow],2025-06-20,2
"FDNY's ""Steam Age"" Rules Are Breaking NYC's Climate Goals",2025-06-21,2
"Interim Inspection Completed for MASTER ROOFING & SIDING INC  (Project # 2201 Beverly/ Building A, Project Name:   4915773",2025-06-21,2
3846 Bailey Ave. - Roof/Stucco (Master),2025-06-22,2
Hostess Gifts That Speak Volumes,2025-06-22,2
Re: 284 4th_100%DD_Pricing,2025-06-22,8
"Reminder, FREE tomorrow in Amuka (Special Tefillah for War and you) through Yad L'Achim",2025-06-22,2
Use The Code WELCOME10,2025-06-22,2
◊ú◊õ◊ë◊ï◊ì ◊ó◊©◊ï◊ë◊ô ◊™◊ï◊û◊õ◊ô ◊õ◊ï◊ú◊ú◊†◊ï,2025-06-22,2
1466 46 - RFP - Master Roofing,2025-06-23,2
162 E 36th Street Elastomeric Coating Samples,2025-06-23,6
"Aron (Heshy), add Tehilla Bennett - Founder and Principal Interior Designer üí¨",2025-06-23,2
"Aron (Heshy), follow Mario Sergio Cortella - Professor at MSCortella Consultoria",2025-06-23,2
"Aron, how roofers are saving 15+ hrs/month",2025-06-23,2
CONSIGLI CONSTRUCTION INVITATION TO BID - HHFT Breakneck Connector - West Side GMP,2025-06-23,2
CP210309 | 565 WESTWOOD AVE  - REQ/INV REMINDER - JUNE,2025-06-23,2
"Elevate is Now Part of Amrize ‚Äì New Parent Company Name, Same Trusted Brand",2025-06-23,2
Expand your talent pool with Smart Sourcing,2025-06-23,2
Final Call Free Webinar Tomorrow - Drive new Business by promoting your Q Score,2025-06-23,2
Fwd: 1466 46 - RFP - Master Roofing,2025-06-23,2
Fwd: 148 Beach 116 Street; ECB Hearing Update for DEP Violation,2025-06-23,2
Fwd: 284 4th_100%DD_Pricing,2025-06-23,4
Fwd: 5501 New Utrecht,2025-06-23,4
Fwd: 77 Water - Roofing and Pavers (Master Roofing) - Bid Addendum #2,2025-06-23,2
Hidden Gems from Waterdale ‚ú®,2025-06-23,2
I want to replace my attic fan in Monroe ny,2025-06-23,2
Important SSI Reminder: Our Ohio Branch Has Relocated,2025-06-23,2
Monday - tasks assigned: 3 - masterroofingus.com,2025-06-23,2
Morgan Stanley: Insights & Outcomes Entrepreneur,2025-06-23,2
"Next Day Positive Pay NY: 20 Exceptions totaling $436,581.24",2025-06-23,2
Quick win for Master Roofing and Siding,2025-06-23,2
RE: 148 Beach 116 Street; ECB Hearing Update for DEP Violation,2025-06-23,2
RE: 34-20 JB - Arch Field  report corrections,2025-06-23,2
RE: 3846 Bailey Ave. - Roof/Stucco (Master),2025-06-23,2
RE: Bid Invitation: South Bushwick Neighborhood Homes (5 Sites),2025-06-23,2
RE: Non Compliant Notifications Master RNS LLC / Master Roofing & Siding Inc - SL76: Skyline 6101 16th Street,2025-06-23,6
RSA/Yeshiva Chofetz Chaim 30K Sweepstakes!,2025-06-23,2
Range update: SANITEC SB,2025-06-23,2
Re: 1042 atlantic av roofing,2025-06-23,2
Re: 1466 46 - RFP - Master Roofing,2025-06-23,10
Re: 148 Beach 116 Street; ECB Hearing Update for DEP Violation,2025-06-23,2
Re: 162 E 36th Street Elastomeric Coating Samples,2025-06-23,12
Re: 3846 Bailey Ave. - Roof/Stucco (Master),2025-06-23,10
Re: 77 Water - Roofing and Pavers (Master Roofing) - Bid Addendum #2,2025-06-23,2
"Re: CP231120 - RFP - Roofing, Waterproofing & EIFS - Master Roofing - 316 N Broadway",2025-06-23,2
Re: Invoice # 24189 - 153 Lorimer St.,2025-06-23,2
Re: URGENT- Pending documentation,2025-06-23,14
SOPREMA Final Site Visit WP44637-0 for 88 Schermerhorn Street,2025-06-23,2
Save on Your Cleaning Kits Today!,2025-06-23,2
"Thanks for attending Alison and Craig Cohen's event, Cohen Family Birthday Bash",2025-06-23,2
Updated payroll -,2025-06-23,2
Yiddi Nussenzweig invited you to follow NYM Construction + Development,2025-06-23,2
out of office Re: Re: 162 E 36th St.,2025-06-23,2
üì• Chana assigned you a task: 77 Water Street [Bids] [follow up] [Bids - Workflow],2025-06-23,2
1527 Morris - Updated Plans (Redesigned Building): 1527 Morris Avenue,2025-06-24,4
2892 Nostrand Avenue- Master Roofing - Hanging Scaffolding proposal needed,2025-06-24,2
4030 18'th Avenue - Round Coping,2025-06-24,2
Chapter Construction - Roofing RFP - 168 East 32nd St,2025-06-24,2
Dee Voch Is Featuring Top Construction Services ‚Äì Reach 100K+ Readers,2025-06-24,2
Detailed Reports,2025-06-24,2
Edgemere A2 - Roofing RFP Updated SOW and Takeoff,2025-06-24,2
Edgemere A2 Roofing RFP,2025-06-24,2
Edgemere Commons A2: Invitation to bid on 07 - Roofing and Pavers (MASTER ROOFING & SIDING INC. (ERP linked) - Bid Form),2025-06-24,2
FW: Mekor Hatorah,2025-06-24,2
Facade Restoration Group Bid Request 16-14,2025-06-24,2
From HVAC to interiors: Practical solutions for functional spaces,2025-06-24,6
Fwd: 1527 Morris - Updated Plans (Redesigned Building): 1527 Morris Avenue,2025-06-24,2
Fwd: 224 3rd Ave - Roofing,2025-06-24,2
Fwd: 34-20 JB - Arch Field  report corrections,2025-06-24,4
Fwd: CP210107 - Phase 2 Delayed - 206 Ditmas Ave,2025-06-24,2
Fwd: Facade Restoration Group Bid Request 16-14,2025-06-24,2
Fwd: I want to replace my attic fan in Monroe ny,2025-06-24,2
Fwd: JM EXPAND O FLASH,2025-06-24,2
Fwd: Request for Paver Quote,2025-06-24,2
Get 10% off early for National eSign Day!,2025-06-24,2
July Rent Statement,2025-06-24,2
June Newsletter,2025-06-24,2
Master Roofing Capital?,2025-06-24,2
New Server and BuzzBid,2025-06-24,2
"Next Day Positive Pay NY: 16 Exceptions totaling $231,147.85",2025-06-24,2
Play Dead. Stay Alive.,2025-06-24,2
Quote request for Bellows,2025-06-24,2
RE: 284 4th_100%DD_Pricing,2025-06-24,2
RE: CP210107 - Phase 2 Delayed - 206 Ditmas Ave,2025-06-24,2
RE: Edgemere A2 Roofing RFP,2025-06-24,12
Re: 224 3rd Ave - Roofing,2025-06-24,4
Re: 4030 18'th Avenue - Round Coping,2025-06-24,2
Re: Edgemere A2 Roofing RFP,2025-06-24,16
Re: Facade Restoration Group Bid Request 16-14,2025-06-24,4
Re: New Server and BuzzBid,2025-06-24,6
Re: Request for Paver Quote,2025-06-24,2
Request for Pricing ‚Äì 24-Gauge Stainless Steel Flashing,2025-06-24,2
Upcoming Holiday PBX Changes | Independence Day 2025,2025-06-24,2
You rely on us for your smartphone. Now add internet,2025-06-24,2
Your invoice 168 from Mavriq,2025-06-24,2
1 Wythe Ave - Waterproofing for Plaza Area - Master Roofing,2025-06-25,2
1351 Dekalb_Roofing/Stucco_Master Roofing,2025-06-25,2
532 Neptune Pending Change Orders,2025-06-25,2
Amendment # 4 with RFI Answer - Relocation of Radiology B...,2025-06-25,2
Application for Job at Master Roofing,2025-06-25,2
"Aron (Heshy), add Isaac ‚ÄòYitzi‚Äô Nussbaum - Founder / Team Leader üí¨",2025-06-25,2
Asana,2025-06-25,2
Automatic response Re: 427 Marcy Ave,2025-06-25,2
Due Date Extension (7.3.25) from CONSIGLI CONSTRUCTION - HHFT Breakneck Connector - West Side GMP,2025-06-25,4
"Faigy, getting exclusive shopping & shipping benefits is easy with a free business account",2025-06-25,2
"Final Inspection Completed for MASTER ROOFING & SIDING INC  (Project # 94-15 Sutphin, Project Name:   4907877",2025-06-25,2
Fwd: 1351 Dekalb_Roofing/Stucco_Master Roofing,2025-06-25,2
Fwd: [EXTERNAL] M/WBE,2025-06-25,2
"Galaxy = Open Balance Report = $2,170,752.34",2025-06-25,2
How to use AI to find better deals,2025-06-25,2
Invite accepted! Now set up a 1:1 project with sweiss,2025-06-25,4
Manufacturing's big shortfall,2025-06-25,2
"Next Day Positive Pay NY: 11 Exceptions totaling $37,582.78",2025-06-25,2
Please contact us - your compliance may be overdue,2025-06-25,2
Quick breakdown of that $78K boost,2025-06-25,2
RE: 162 E 36th Street Elastomeric Coating Samples,2025-06-25,2
RE: 34-20 JB - Arch Field report corrections,2025-06-25,2
RE: 57 South 6 Roofing,2025-06-25,6
Re: 1216 Putman Ave - STO Brick Facade,2025-06-25,4
Re: 1351 Dekalb_Roofing/Stucco_Master Roofing,2025-06-25,4
Re: 1527 Morris - Updated Plans (Redesigned Building): 1527 Morris Avenue,2025-06-25,2
Re: 255 Avenue W- Roofing RFP,2025-06-25,6
Re: 2892 Nostrand Avenue,2025-06-25,10
Re: 2892 Nostrand Avenue- Master Roofing - Hanging Scaffolding proposal needed,2025-06-25,6
Re: 427 Marcy Ave,2025-06-25,12
Re: 57 South 6 Roofing,2025-06-25,10
Re: 84 Broadway l Waterproofing,2025-06-25,6
Re: Asana,2025-06-25,4
Re: Quote request for Bellows,2025-06-25,18
Repairs Todo list,2025-06-25,2
Report roof,2025-06-25,2
Request for Proposal: Roofing | 2683 Atlantic Ave,2025-06-25,2
SOPREMA Site Visit WP44572-1 for 1 Wythe Ave,2025-06-25,2
The 2026 Master Contractor Destination Is Here!,2025-06-25,2
Timeless. Simple. Summer.,2025-06-25,2
Tobyhanna Townhomes Army Depot Bid Extended 6.25.25 - Tob...,2025-06-25,2
Your expertise is requested!,2025-06-25,2
"fkohn, did you forget to send your comment in 57 South 6th St?",2025-06-25,2
üí¨ New comment on: 1527 Morris Avenue,2025-06-25,4
üí¨ New comment on: 410 40th St,2025-06-25,2
üí¨ New comment on: 706 E 36nd,2025-06-25,2
üí¨ New comment on: 84 Broadway,2025-06-25,2
1314 49,2025-06-26,2
"Aron, should I close the loop on this?",2025-06-26,2
Compliance Questions,2025-06-26,2
"Corporate Gifting, Done Beautifully üéÅ",2025-06-26,2
Experience CeDUR's True Advantages,2025-06-26,2
FW: <[Secure]> RE: Check 36341,2025-06-26,2
Fwd: 1541 & 1555 60TH STREET_ CONSTRUCTION DRAWINGS DISTRIBUTION,2025-06-26,2
Fwd: 255 Avenue W- Roofing RFP,2025-06-26,2
Fwd: 2892 Nostrand Avenue,2025-06-26,2
Fwd: Franklin/Skillman - Roofing/Stucco/Pavers pricing,2025-06-26,2
Fwd: Report roof,2025-06-26,2
Fwd: Request for Proposal: Roofing | 2683 Atlantic Ave,2025-06-26,4
"Fwd: TACO BELL ‚Äì LINDENHURST, NY Invitation to Bid",2025-06-26,2
Fwd: Will Serve letters (Master roofing) 43 Franklin Ave project,2025-06-26,2
INVITATION TO BID - 42-50 24th Street,2025-06-26,4
July E-Verify & Form I-9 Webinar Schedule,2025-06-26,2
LIC Project - Client Meeting To Discuss Details & Pricing,2025-06-26,2
Later today: What high-performing CRE teams are doing differently,2025-06-26,2
"Next Day Positive Pay NY: 6 Exceptions totaling $114,196.50",2025-06-26,2
Out of Office Re: 2892 Nostrand Avenue,2025-06-26,2
Out of Office Re: 303 East 44th St,2025-06-26,2
"RE: 340 Myrtle Ave. = Open Balance = $237,705.00",2025-06-26,2
RE: 84 Broadway l Waterproofing,2025-06-26,2
RE: CP200915 - 15 PARKVILLE AVE - CONSTRUCTION INSPECTION,2025-06-26,2
RE: Compliance Questions,2025-06-26,4
"RFP - 2"" Rubber Pavers & Filter Fabric - 75 Ross Street",2025-06-26,2
RFP - Paver Install - buildings AB&C,2025-06-26,2
Re: 1 Wythe Ave - Waterproofing for Plaza Area - Master Roofing,2025-06-26,10
Re: 1421 58th Street,2025-06-26,4
Re: Can I start?,2025-06-26,4
Re: Hire remote employee - starting at $7 an hour,2025-06-26,2
Re: LIC Project - Client Meeting To Discuss Details & Pricing,2025-06-26,4
"Re: RFP - 2"" Rubber Pavers & Filter Fabric - 75 Ross Street",2025-06-26,6
Re: RFP - Paver Install - buildings AB&C,2025-06-26,4
Re: Req-77 Water St-Tie Down System for Porcelain Pavers.,2025-06-26,4
Re: Request for Proposal: Roofing | 2683 Atlantic Ave,2025-06-26,2
Re: Will Serve letters (Master roofing) 43 Franklin Ave project,2025-06-26,14
Re: reaching out Aron,2025-06-26,2
Req-77 Water St-Tie Down System for Porcelain Pavers.,2025-06-26,2
Updated documentation needed,2025-06-26,2
Will Serve letters (Master roofing) 43 Franklin Ave project,2025-06-26,2
thoughts?,2025-06-26,2
109 pumpjacks,2025-06-27,2
355 Exterior Street - Roofing Submittals,2025-06-27,2
558 Sackett St-Request for pavers quote,2025-06-27,2
Bid Due Date Reminder + Low Voltage Drawings - 15 Old Dan...,2025-06-27,2
Fwd: INVITATION TO BID - 42-50 24th Street,2025-06-27,2
How they got so smart,2025-06-27,2
Lowest Working Capital Costs,2025-06-27,2
Lunch Monday 06/30/25,2025-06-27,2
Master Roofing And Siding - quick one,2025-06-27,2
New Summer Clubs!,2025-06-27,2
"Next Day Positive Pay NY: 4 Exceptions totaling $12,853.25",2025-06-27,2
Pavers - 75 Ross Street,2025-06-27,2
Pros like you are growing their business on Thumbtack,2025-06-27,2
RE: 354 East 194th St. - Roofing,2025-06-27,2
Re: 1314 49,2025-06-27,2
Re: 354 East 194th St. - Roofing,2025-06-27,2
Re: 355 Exterior Street - Roofing Submittals,2025-06-27,4
Re: 57 South 6th St,2025-06-27,2
Re: Compliance Questions,2025-06-27,2
Re_6208-8th ave_ PANEL & EIFS,2025-06-27,2
"Scope Sheets, Schedule, RFI Log, Owner Contract Issued from CONSIGLI CONSTRUCTION - HHFT Breakneck C",2025-06-27,4
Siding in Monsey,2025-06-27,2
[Webinar] Practical ChatGPT for Marketing Professionals - 5X your Productivity,2025-06-27,2
out of office Re: Roof Repair and Install,2025-06-27,2
"◊§◊®◊©◊™ ◊ß◊®◊ó ◊™◊©◊§""◊î",2025-06-27,2
üì• Bharat assigned you a task: 52 4th Avenue [Bids] [Bids - Workflow],2025-06-27,2
Bharat Shahaji Shinde <bshinde@masterroofingus.com> messaged you on Google Chat while you were away,2025-06-28,2
"Aron (Heshy), follow Rajiv Khanna - Managing Attorney at Immigration.com - Law Offices of Rajiv S. Khanna, PC",2025-06-29,2
"Aron, [MONTH-END MADNESS]: Enterprise-grade GPS From $19.99/mo - Limited Time Offer!",2025-06-29,4
Re: Dee Voch Is Featuring Top Construction Services ‚Äì Reach 100K+ Readers,2025-06-29,2
Struggling to Get Leads That Convert Aron? Here‚Äôs a Smarter Way,2025-06-29,2
Tips to help keep your account safe from fraud.,2025-06-29,2
170 West 225th Street: Subcontractor Invoice #11 has been changed to 'Revise and Resubmit',2025-06-30,2
4 Rubber Pavers Options - 75 Ross Street,2025-06-30,2
407 Remsen,2025-06-30,2
77 Water Street Pavers,2025-06-30,2
"Aron, here‚Äôs how roofers are saving 15+ hrs/month",2025-06-30,2
E-Verify Implements Login.gov to Secure Account Access,2025-06-30,2
Elevate Organizational Announcement,2025-06-30,2
FW: 3100 Ocean Parkway - FINAL Scope of Repairs,2025-06-30,2
Fw: SAFE Bldg. - Coping Spec.,2025-06-30,2
Fw: SAFE: Drawings Download,2025-06-30,2
Fwd: 185 Chrystie Neighbor Roof,2025-06-30,2
Fwd: 355 Exterior Street - Roofing Submittals,2025-06-30,2
Fwd: Edgemere A2 Roofing RFP,2025-06-30,2
Fwd: TileTech_Quote 59315,2025-06-30,2
Fwd: work rejected - 213 14th Street,2025-06-30,2
ID Drawings Uploaded - 15 Old Danbury Road - Wilton,2025-06-30,2
"Next Day Positive Pay NY: 9 Exceptions totaling $225,684.04",2025-06-30,2
Out of Office Re: 1726 49 - RFP - Master Roofing,2025-06-30,2
RE: 178 Throop Ave,2025-06-30,6
RE: Returned Check,2025-06-30,4
RE: Returned Check - Reason UTLA,2025-06-30,2
Re: 172-02 Hillside Ave - Pavers,2025-06-30,2
Re: 4 Rubber Pavers Options - 75 Ross Street,2025-06-30,4
Re: 407 Remsen,2025-06-30,4
Re: INVITATION TO BID - 42-50 24th Street,2025-06-30,2
Re: Pavers - 75 Ross Street,2025-06-30,2
Re: Returned Check,2025-06-30,6
Re: TileTech_Quote 59315,2025-06-30,2
Returned Check,2025-06-30,4
Returned Check - Reason UTLA,2025-06-30,2
"Smallish job - assume 2"" EPS",2025-06-30,2
Wausau Tile x FMConboy Sales,2025-06-30,2
When I Finally Realized I Was the Bottleneck...,2025-06-30,2
üí¨ New comment on: 1726 49th St,2025-06-30,2
üí¨ New comment on: 1726 49th st,2025-06-30,2
üí¨ New comment on: 355 Exterior,2025-06-30,2
